人均GDP,人均能源消耗总量,人均碳排放量
5.258874315,2.991269208,10.48386939
5.727621498,3.34788225,12.54578926
6.239086875,3.448260256,12.87096062
6.784317004,3.442576848,12.05542009
7.288826712,3.401787176,11.16023324
7.883479593,3.491668549,11.57572036
8.431182934,3.573117439,11.95586517
8.992960348,3.640990854,12.15899906
9.569724566,3.714470862,12.21567929
10.10216374,3.805309116,12.2289106
10.46130644,3.708509301,11.91293667
